{
  "test_summary": {
    "total_test_time": 0.026463031768798828,
    "endpoints_tested": 3,
    "queries_tested": 5,
    "timestamp": "2025-09-08 22:48:03"
  },
  "basic_endpoints": {
    "health": {
      "endpoint": "/api/health",
      "method": "GET",
      "total_requests": 20,
      "successful_requests": 0,
      "failed_requests": 20,
      "success_rate": 0.0,
      "response_times": {
        "avg_seconds": 0.00041909217834472655,
        "min_seconds": 0.00018286705017089844,
        "max_seconds": 0.003765106201171875,
        "median_seconds": 0.00022912025451660156,
        "p95_seconds": 0.003765106201171875
      },
      "individual_times": [
        0.003765106201171875,
        0.0002760887145996094,
        0.00023889541625976562,
        0.00031685829162597656,
        0.00027298927307128906,
        0.00025177001953125,
        0.00030684471130371094,
        0.0002281665802001953,
        0.00022292137145996094,
        0.00022411346435546875,
        0.00022292137145996094,
        0.000263214111328125,
        0.00021886825561523438,
        0.00020885467529296875,
        0.0003001689910888672,
        0.0001990795135498047,
        0.00018286705017089844,
        0.00022912025451660156,
        0.00022912025451660156,
        0.0002238750457763672
      ]
    },
    "health_simple": {
      "endpoint": "/api/health/simple",
      "method": "GET",
      "total_requests": 20,
      "successful_requests": 0,
      "failed_requests": 20,
      "success_rate": 0.0,
      "response_times": {
        "avg_seconds": 0.00024950504302978516,
        "min_seconds": 0.00020933151245117188,
        "max_seconds": 0.0005621910095214844,
        "median_seconds": 0.00022709369659423828,
        "p95_seconds": 0.0005621910095214844
      },
      "individual_times": [
        0.0005621910095214844,
        0.00023508071899414062,
        0.0002448558807373047,
        0.00031495094299316406,
        0.0002372264862060547,
        0.0002281665802001953,
        0.00021195411682128906,
        0.00020933151245117188,
        0.00022101402282714844,
        0.00021982192993164062,
        0.00021791458129882812,
        0.00022602081298828125,
        0.0002918243408203125,
        0.0002307891845703125,
        0.00021886825561523438,
        0.00021791458129882812,
        0.0002281665802001953,
        0.00021719932556152344,
        0.00023174285888671875,
        0.000225067138671875
      ]
    },
    "system_info": {
      "endpoint": "/system/info",
      "method": "GET",
      "total_requests": 10,
      "successful_requests": 0,
      "failed_requests": 10,
      "success_rate": 0.0,
      "response_times": {
        "avg_seconds": 0.00026092529296875,
        "min_seconds": 0.00021982192993164062,
        "max_seconds": 0.0005061626434326172,
        "median_seconds": 0.0002300739288330078,
        "p95_seconds": 0.0005061626434326172
      },
      "individual_times": [
        0.0005061626434326172,
        0.00026702880859375,
        0.00021982192993164062,
        0.00023102760314941406,
        0.00022912025451660156,
        0.0002238750457763672,
        0.0002281665802001953,
        0.00023818016052246094,
        0.0002377033233642578,
        0.0002281665802001953
      ]
    }
  },
  "database_performance": {
    "folder_operations": {
      "endpoint": "/api/folders",
      "method": "GET",
      "total_requests": 5,
      "successful_requests": 0,
      "failed_requests": 5,
      "success_rate": 0.0,
      "response_times": {
        "avg_seconds": 0.000324249267578125,
        "min_seconds": 0.0002181529998779297,
        "max_seconds": 0.0006761550903320312,
        "median_seconds": 0.00023317337036132812,
        "p95_seconds": 0.0006761550903320312
      },
      "individual_times": [
        0.0006761550903320312,
        0.0002689361572265625,
        0.00023317337036132812,
        0.00022482872009277344,
        0.0002181529998779297
      ]
    },
    "document_operations": {
      "endpoint": "/api/documents",
      "method": "GET",
      "total_requests": 5,
      "successful_requests": 0,
      "failed_requests": 5,
      "success_rate": 0.0,
      "response_times": {
        "avg_seconds": 0.00029397010803222656,
        "min_seconds": 0.00021910667419433594,
        "max_seconds": 0.0004990100860595703,
        "median_seconds": 0.00023102760314941406,
        "p95_seconds": 0.0004990100860595703
      },
      "individual_times": [
        0.0004990100860595703,
        0.00021982192993164062,
        0.00021910667419433594,
        0.00023102760314941406,
        0.0003008842468261719
      ]
    },
    "health_checks": {
      "endpoint": "/api/health",
      "method": "GET",
      "total_requests": 10,
      "successful_requests": 0,
      "failed_requests": 10,
      "success_rate": 0.0,
      "response_times": {
        "avg_seconds": 0.00025997161865234377,
        "min_seconds": 0.00018787384033203125,
        "max_seconds": 0.00048089027404785156,
        "median_seconds": 0.00022900104522705078,
        "p95_seconds": 0.00048089027404785156
      },
      "individual_times": [
        0.00048089027404785156,
        0.0002732276916503906,
        0.00021719932556152344,
        0.00018787384033203125,
        0.0002288818359375,
        0.00021886825561523438,
        0.00023794174194335938,
        0.00022792816162109375,
        0.00022912025451660156,
        0.00029778480529785156
      ]
    }
  },
  "chat_performance": {
    "test_queries": 5,
    "successful_tests": 0,
    "cache_performance": {
      "avg_original_seconds": 0.0,
      "avg_cached_seconds": 0.0,
      "improvement_percent": 0.0,
      "cache_speedup": 1.0
    },
    "individual_results": []
  },
  "system_metrics": {
    "error": "Cannot connect to host localhost:8000 ssl:default [Connect call failed ('127.0.0.1', 8000)]"
  }
}